Brand,Model,VIN
TOYOTA,COROLLA/ALTIS SED/WG FEB 2005,JTDER23E350194819
TOYOTA,CAMRY/HYBRID 12/2019,4T1C11AK9LU916586
TOYOTA,COMMERCIAL PICK UP 2106-18,KMFZCX7KAJU525146
TOYOTA,AVALON 2005-07,4T1BK36B55U009141
TOYOTA,AVALON 2005-07,4T1BK36B35U029405
TOYOTA,AVALON 2008-12,4T1BK36B28U301561
TOYOTA,AVALON 2014,4T1BK1EB0EU102543
TOYOTA,TOY-SCION/SUBARU,JF1ZNAA15D2720481
TOYOTA,GS300/400/-97-2005,JT8BD68S8Y0113968
TOYOTA,GS-2011,JTHCE1KS8A0027160
TOYOTA,GS350-2011-13,JTHBE1BL0D5020683
TOYOTA,IS250/350 2010-,JTHBF5C28A2100014
TOYOTA,IS250 2014-15,JTHBF1D21E5042727
TOYOTA,IS250/300 2007-13,JTHBG262072005558
TOYOTA,IS350/300 2020-,JTHGZ1B22M5040516
TOYOTA,YARIS 2009 ATM,JTDBW923784001329
TOYOTA,YARIS 14-16,MHFBT9F3XF6033040
TOYOTA,YARIS 2009,JTDBT923994055872
TOYOTA,YARIS 12-14,JTDKW9D30DD532167
TOYOTA,COROLLA 1999-,JTB53AEB2W0001478
TOYOTA,COROLLA,RKLBB9HE5F5032612
TOYOTA,COROLLA 2008-13,2T1BU4EE7DC945922
TOYOTA,COROLLA 2008-10,JTDBZ42EX8J000690
TOYOTA,COROLLA 2008-10 MTM,JTDBZ42E689004155
TOYOTA,COROLLA 2000-07,JTDBR23E133055626
TOYOTA,COROLLA 2014,RKLBL9HE9E5202952
TOYOTA,COROLLA 2019 USA,5YFS4RCE5LP016035
TOYOTA,COROLLA 2018,2T1BURHE9KC184347
TOYOTA,COROLLA 2022 ME,RKLBB0BE5N0044789
TOYOTA,COROLLA 2014-19 USA,5YFBURHE9EP037112
TOYOTA,FJ CRUISER 2006-14,JTEBU11F38K046679
TOYOTA,RAV4 2013-18,2T3DFREV9EW128314
TOYOTA,RAV4 2013-18,JTMDF9EV5D5007768
TOYOTA,RAV4 2006-12,JTMBK31V285069852
TOYOTA,AVALON 2008-12,4T1BK3DB1BU378223
TOYOTA,AURION 2008,6T1BK40K77X908068
TOYOTA,LEXUS ES300 1999,JT8BF28G7X0199092
TOYOTA,ES350 2012-18,JTHBK1GG0E2129801
TOYOTA,CAMRY 1996-2001 1MZ,JT2BF22K7Y0259607
TOYOTA,CAMRY 1996-2001 5S,4T1BG22K2VU118092
TOYOTA,CAMRY 2003-2004,4T1BF32K33U057390
TOYOTA,CAMRY 2007-11 6CYL,4T1BK46K59U587526
TOYOTA,CAMRY 2007-11 4CYL,6T1BE42K47X446301
TOYOTA,CAMRY 2011-14,4T1BK1FK6CU007237
TOYOTA,CAMRY 2012-17 ME,6TIBF9FK3HX689491
TOYOTA,CAMRY/HYBRID 2011-17,4T1BF1FK6HU628232
TOYOTA,CAMRY/HYBRID 2016,4T1BF1FK4GU613792
TOYOTA,CAMRY 2016,6T1BF9FK6HX692756
TOYOTA,CAMRY 2018,4T1B11HK5KU718877
TOYOTA,CAMRY 2018-20,4T1C11AK8LU345317
TOYOTA,FORTUNER 2019,MHFKU8FSXK0178882
TOYOTA,FORTUNER 2011-15,MHFYU59G9D7025792
TOYOTA,INNOVA 2008,MHFXX43G780014830
TOYOTA,HILUX 2011-15,MR0CX19G4E2611256
TOYOTA,HILUX 2007-11 4CYL,MR0CX19G2A2603800
TOYOTA,HILUX 2004,JTFEM496540150210
TOYOTA,HILUX 4WD 2011-15,MR0FX22G5D1091683
TOYOTA,HILUX 4WD 2016-,MR0DX9CD7L2640703
TOYOTA,LEXUS LS430,JTHBN30F410003788
TOYOTA,LAND CRUISER 1999,JT3HT05J1Y0084681
TOYOTA,LAND CRUISER 2008-12,JTMHT05J1A5070896
TOYOTA,LAND CRUISER 2012- V8,JTMHX05J0D4023261
TOYOTA,PRADO 2009,JTEJU9FJ9AK002652
TOYOTA,RX350 2014-,2T2BK1BA3FC298293
TOYOTA,TUNDRA,5TFDW5F14KX869899
TOYOTA,TUNDRA 2007-14 V8,5TBBV54168S496112
TOYOTA,TUNDRA 2019,5TFUW5F14DX296781
TOYOTA,TUNDRA 2016-2017,5TFCZ5AN3HX072744
TOYOTA,SCION IQ 2012-15,JTNJJXB03CJ018705
TOYOTA,HIACE 2012-,JTGRX12P4B8026529
TOYOTA,SIENNA 2010-16,5TDKK3DC8CS214731
TOYOTA,4RUNNER 2010-15,JTEBU5JR0F5248795
NISSAN,ALTIMA 2015 USA,1N4AL3APXGN313598
NISSAN,ALTIMA 2016 GCC,1N4AL3A97HC112532
NISSAN,ALTIMA 2016 USA,1N4AL3AP8GN336362
NISSAN,ALTIMA 2019,1N4BL4CV5KC146285
NISSAN,ALTIMA 2019,1N4BL4DV2KC201886
NISSAN,MAXIMA 1997-99,JN1CCUA32Z0081860
NISSAN,MAXIMA 2004,JN1CA31D34T754420
NISSAN,MAXIMA 2012,1N4AA5AP9CC843987
NISSAN,MAXIMA 2019,1N4AA6AP2HC428314
NISSAN,Tiida 2005-1.6,JN1CC13CX6T002526
NISSAN,Tiida 2015-,MNTBC2C96E6003228
NISSAN,PATROL 2016,JN8AY2NY5H9300216
NISSAN,PATROL 2015,JN8AY2NY9G9157656
NISSAN,PATROL 1997,JN1TASY61Z0400915
NISSAN,SUNNY 2014,MDHBN7AD7EG523583
NISSAN,SUNNY 2006,KNMCC42H48P681751
NISSAN,SUNNY 2008 GA16,KNMCC42H49P740279
NISSAN,SUNNY 2011 KORI,KNMCC42H4CP869453
NISSAN,SENTRA 2015 USA,3N1AB7AP9FY339988
NISSAN,SENTRA 2013 USA,3N1AB7AP4DL691788
NISSAN,XTERRA 2006-2012,5N1AN0N64CC520476
NISSAN,CIVILIAN 2011,JN6DW12SXBZ025410
NISSAN,VERSA 2010,3N1BC1CP5BL366527
NISSAN,VERSA 2015 CANADA,3N1CE2CP9FL407784
NISSAN,VERSA 2017 USA,3N1CN7AP4HL860004
NISSAN,PATHFINDER 2014,5N1AR2M74FC602674
NISSAN,PATHFINDER 2006,5N1AR18B26C638064
NISSAN,PATHFINDER 2011,5N1AR1N87BC629704
NISSAN,ARMADA 2013,5N1AA0NC2DN607784
NISSAN,ARMADA 2008,5N1AA08C79N612790
NISSAN,TITAN 2018,1N6AA1EJ6JN537143
NISSAN,NAVARA 2008,MNTBD03S386009397
NISSAN,NISSAN Z 2013,JN1AZ4EHXEM632622
NISSAN,XTERRA 2014,5N1AN0N60EN810818
NISSAN,XTERRA,5N1AN0N69FN668020
NISSAN,XTERRA 2014,5N1AN0NWXFN653431
NISSAN,X-TRAIL 2005,5N1AN08W75C608176
NISSAN,X-TRAIL 2015,JN1BT2MM1FW003555
NISSAN,X-TRAIL 2016,JN1BT2MM8GWOO4672
NISSAN,PICK UP D21,3N6DD21S7EK036072
NISSAN,JUKE 2015,JN1BF5MD2GT500027
NISSAN,JUKE 2012,JN1BF5MD2DT100075
NISSAN,ROGUE 2015,KNMAT2MT8GP639174
NISSAN,Z 350Z 2006,JN1AZ34D86M307025
MITSUBISHI,GALANT 2010-12,4P3SRDJ1AAE802496
MITSUBISHI,GALANT 2006-12,4P3SRDJ1A9E802154
MITSUBISHI,L200 2012-2015,MMBJNKA50CD030914
MITSUBISHI,L200 2005-15,MMBJNKA50CD011852
MITSUBISHI,L200 2016,MMBJNKL40GH054294
MITSUBISHI,L200 2015-19 4D32,MMBNG45K3JH069555
MITSUBISHI,L2000,MMBJNKB40BD027325
MITSUBISHI,LANCER 2004 MTM,JMYSNCS1A5U784088
MITSUBISHI,LANCER 2006-13,JMYSRCS6A6U801570
MITSUBISHI,LANCER 2007-17,JMYSTCY4A8U700836
MITSUBISHI,LANCER 2011,JMYSRCS3ACU701888
MITSUBISHI,LANCER 2007-17,JMYSTCY4A9U713761
MITSUBISHI,LANCER 2017,JMYSTCY4AFU742984
MITSUBISHI,LANCER 07.2008,JMYSTCS3A9U703924
MITSUBISHI,LANCER 2009,JMYSTCS3A7U703882
MITSUBISHI,LANCER GT 2008-17,JMYSRCY2A9U724822
MITSUBISHI,LANCER 2014,JMYSTCY4AFU700209
MITSUBISHI,PAJERO 2004,JMYLRV73W4J708621
MITSUBISHI,PAJERO 2006,JMYLRV95WCJ706975
MITSUBISHI,PAJERO 2016,JMYLYV97WGJ722916
MITSUBISHI,PAJERO 2009,JMYLRV95WAJ706173
MITSUBISHI,ATTRAGE 2019,MMDAF26J1KH006815
MITSUBISHI,ATTRAGE/MIRAGE G4 2016,MMBSTA13AGH005180
MITSUBISHI,MIRAGE 2012-14,MMBXTA03AEH029261
MITSUBISHI,OUTLANDER 2013-17,JE4MZ61X7HJ714810
MITSUBISHI,OUTLANDER 2002-08,JMYXRCU4W3U778628
MITSUBISHI,OUTLANDER 2018-,JE4LZ21W6JZ701601
MITSUBISHI,ROSA 2019,JL5BHJ6S2KRP20684
MITSUBISHI,GRANDIS 2004-10,JMYLRNA4W8Z705296
MITSUBISHI,GRANDIS 2004-10,JMYLRNA4W8Z701827
HYUNDAI/KIA,KIA FORTE 2019,3KPF24AD8KE092398
HYUNDAI/KIA,OPTIMA 2014,5XXGN4A74FG407703
HYUNDAI/KIA,OPTIMA 2008,KNAFG521487192211
HYUNDAI/KIA,CARENS 2007-09,KNAFG521197223321
HYUNDAI/KIA,CARENS 2007-09,KNAFG521197223321
HYUNDAI/KIA,MOHAVE 2008-16,KNAJH521X95025159
HYUNDAI/KIA,MOHAVE 2008-16,KNAJH521695023263
HYUNDAI/KIA,KIA MOHAVE 2008-16 4WD,KNAKN8113C5083010
HYUNDAI/KIA,SPORTAGE 2010-13,KNAPB8116D7377635
HYUNDAI/KIA,SPORTAGE 2010-13,KNAPB8117B7076787
HYUNDAI/KIA,SPORTAGE 2013-15,KNAPC8121E7589351
HYUNDAI/KIA,RIO 2000-2004,KNADC221356355143
HYUNDAI/KIA,RIO 2012-14,KNADN4124D6156326
HYUNDAI/KIA,RIO 2015-16,KNADN4127G6658316
HYUNDAI/KIA,RIO 2006 MTM,KNADE221996448541
HYUNDAI/KIA,RIO 2000-05,KNADC223936258737
HYUNDAI/KIA,PICANTO 2008-,KNABA24308T624569
HYUNDAI/KIA,CARNIVAL 2006-14,KNAMG8124D6527115
HYUNDAI/KIA,CADENZA 2010-11,KNALN4148B5042765
HYUNDAI/KIA,CERATO,KNAFE227095603111
HYUNDAI/KIA,CERATO 2008-MTM,KNAFT4113D5786382
HYUNDAI/KIA,CERATO 2008-11,KNAFW4111B5410641
HYUNDAI/KIA,CERATO 2012-16,KNAFX4119F5912848
HYUNDAI/KIA,CERATO 2006-09,KNAFE227095603111
HYUNDAI/KIA,SONATA 1999-2001,KMHEM41BP1A380182
HYUNDAI/KIA,SONATA 2014-17,KMHE241G9HA323385
HYUNDAI/KIA,SONATA 2010-14,KMHEB41C4CA330458
HYUNDAI/KIA,ACCENT 1999-2004,KMHCG51F65U243476
HYUNDAI/KIA,ACCENT 2006,KMHCM41A1BU570774
HYUNDAI/KIA,ACCENT 2011,KMHCM41A1BU570774
HYUNDAI/KIA,ACCENT 2014-15,KMHCT41D9FU812567
HYUNDAI/KIA,ACCENT 2020,3KPC24A66LE125324
HYUNDAI/KIA,ACCENT 2018-,3KPC24A38KE069942
HYUNDAI/KIA,ELANTRA 2000-2005,KMHDM41B55U123110
HYUNDAI/KIA,ELANTRA 2006-07,KMHDT41D27U011520
HYUNDAI/KIA,ELANTRA 2007-08,KMHDT41BX8U285984
HYUNDAI/KIA,ELANTRA 2013-15,KMHDG41C6FU309224
HYUNDAI/KIA,ELANTRA 2011-13,KMHDH41E2EU940212
HYUNDAI/KIA,ELANTRA 2016,KMHD84LF2HU273071
HYUNDAI/KIA,ELANTRA 2017-18 ME,KMHD741F9JU438027
HYUNDAI/KIA,ELANTRA 2019,5NPDH4AE6DH272993
HYUNDAI/KIA,ELANTRA 2008,KMHDT41BX9U601546
HYUNDAI/KIA,ELANTRA 2018,5NPD84LFXJH365551
HYUNDAI/KIA,ELANTRA 2017,5NPD84LF4JH235880
HYUNDAI/KIA,ELANTRA 2021 ME,KMHLN41G1MU145432
HYUNDAI/KIA,SANTA FE 2006,KMHSG81D08U366996
HYUNDAI/KIA,SANTA FE 2010-12,KMHSH81G3CU853125
HYUNDAI/KIA,SANTA FE 2012-15,KMHSU81EXGU482819
HYUNDAI/KIA,SANTA FE 2016-17,KMHSU81E3HU754953
HYUNDAI/KIA,SANTA FE 2018-,5NMS33AD5KH000405
HYUNDAI/KIA,SANTA FE 2020,KMHS381F6LU277696
HYUNDAI/KIA,SANTA FE 2021,5NMS14AJ1MH329610
HYUNDAI/KIA,CARNIVAL 2008,KNAMB763586213649
HYUNDAI/KIA,CRETA 2016-17,MALC381C5HM143121
HYUNDAI/KIA,TUCSON 2016-17,TMAJ381B0HJ210733
HYUNDAI/KIA,TUCSON 2018,KM8J3CA42JU767885
HYUNDAI/KIA,TUCSON 2006-08,KMHJM81D29U967266
HYUNDAI/KIA,TUCSON 2004-06,KMHJM81D69U979758
HYUNDAI/KIA,TUCSON 2022,TMAJB81E1NJ154911
HYUNDAI/KIA,SORENTO 2002-06,KNAJC523245267338
HYUNDAI/KIA,OPTIMA 2005-06,KNAGE222365077898
HYUNDAI/KIA,OPTIMA 2010-13,KNAGM4123C5227455
HYUNDAI/KIA,OPTIMA 2015 USA,5XXGN4A75FG514548
HYUNDAI/KIA,OPTIMA 2013-15 USA,5XXGN4A77EG320991
HYUNDAI/KIA,PICANTO 2008-,KMHFC41D27A171830
HYUNDAI/KIA,PICANTO 2018,KNAB25111JT256586
HYUNDAI/KIA,AZERA 2011-14,KMHFH41B7FA403904
HYUNDAI/KIA,GENESIS 2011-2015,KMHHU61H3EU100507
HYUNDAI/KIA,GENESIS 2015-2017,KMHGN4JE6HU167433
HYUNDAI/KIA,GENESIS 2014-2017,KMHGN4JE5FU038077
HYUNDAI/KIA,GENESIS 2008-12,KMHGC41E3BU140106
HYUNDAI/KIA,GENESIS 2008-13,KMHGC41E89U031215
HYUNDAI/KIA,GENESIS G80 2017-2018,KMHGN4JE5JU224288
HYUNDAI/KIA,GENESIS COUPE 2012-15,KMHHU61H0EU102876
HYUNDAI/KIA,GETZ,KMHBT51D47U632092
HYUNDAI/KIA,GETZ 2002,KMHBT51H43U084639
HYUNDAI/KIA,VERACRUZ 2007-13,KMHNU81C0DU198624
HYUNDAI/KIA,VELOSTER 2015-16,KMHTC6AD0GU254153
HYUNDAI/KIA,VELOSTER 2011-2014,KMHTC61C4EU150804
HYUNDAI/KIA,VELOSTER 2016-17,KMHTC61C9HU312317
HYUNDAI/KIA,SOLUTO 2020,LJD0AA291L0139202
HYUNDAI/KIA,H-1 2019,KMHWG81R5KU023931
HYUNDAI/KIA,H-1 2007-17,KMJWA37R3CU434191
HYUNDAI/KIA,H-1 2001-2006,KMJWWH7W45U628848
HONDA,ODYSSEY GENERAL 2013,5KBRL5868DB701429
HONDA,ODYSSEY USA 2014,5KBRL5860EB701538
HONDA,JAZZ 2009,JHMGE88879S400632
HONDA,CITY 2007,MRHGD86957P080094
HONDA,CITY 2013,MRHGM2642CP020091
HONDA,CIVIC 2004 EUR,JHMES86164S407425
HONDA,CIVIC 2005 EUR,JHMES86695S400773
HONDA,CIVIC 2002,JHMES857X2S401985
HONDA,CIVIC 2006,JHMFD16326S400093
HONDA,ACCORD USA 2009,JHMCP26789C400259
HONDA,ACCORD USA 2008-6 CYL EUR,1HGCS227X8A600142
HONDA,CR-V 2006,JHLRD78486C409692
HONDA,ACCORD 2020,1HGCV1F59LA0D2336
HONDA,ACCORD 2016,1HGCR2F86GA242387
HONDA,MRV 2004 EUR,2HKYF18514H700674
HONDA,CR-V 2008 USA,JHLRE48557C408361
OTHERS/MAZDA/SUZUKI/DAIHATSU,MAZDA BT50,MM7UN2363B0880133
OTHERS/MAZDA/SUZUKI/DAIHATSU,MAZDA 6 2016-,JM7GL4S71H1124667
OTHERS/MAZDA/SUZUKI/DAIHATSU,MAZDA 626 1997-,JM7GF12S5W1104994
OTHERS/MAZDA/SUZUKI/DAIHATSU,MAZDA 2 2009,MM7DE32Y8BW126778
OTHERS/MAZDA/SUZUKI/DAIHATSU,MAZDA 3 2016,JM7BN1SZ1H1147645
OTHERS/MAZDA/SUZUKI/DAIHATSU,MAZDA 3 2019,JM7BN1SZ2K1258681
OTHERS/MAZDA/SUZUKI/DAIHATSU,MAZDA 3 2006,JM7BK346981400282
OTHERS/MAZDA/SUZUKI/DAIHATSU,CX-5 2017,JM7KFAWL0J0154519
OTHERS/MAZDA/SUZUKI/DAIHATSU,SUZUKI GRAND VITARA,JS3TD94V874201399
OTHERS/MAZDA/SUZUKI/DAIHATSU,SUZUKI GRAND VITARA,JS3TD14V2A4601595
OTHERS/MAZDA/SUZUKI/DAIHATSU,SUZUKI SWIFT,JS2ZC21S365100248
OTHERS/MAZDA/SUZUKI/DAIHATSU,SUZUKI SWIFT,MA3ZF6B15DA162153
OTHERS/MAZDA/SUZUKI/DAIHATSU,ALTO A-STAR/CELERIO,MA3FC3A18EA710515
OTHERS/MAZDA/SUZUKI/DAIHATSU,SUBARU LEGACY 2003-04,JF1BL54M84H005082
OTHERS/MAZDA/SUZUKI/DAIHATSU,SUBARU LEGACY 2003-04,JF1BL54M84H005082
OTHERS/MAZDA/SUZUKI/DAIHATSU,DAIHATSU SIRION,JD1GM301761036008